{
  "version": "1.0.0",
  "date": {
    "description": "logs indexed by date",
    "children": {
      "20181128": {
        "description": "Oficially making the first client for Transactino",
        "children": {
          "commands": {
            "description": "Remaining commands to work on",
            "children": {
              "account.delete": "done",
              "subscription.create": "done",
              "subscription.activate": "done",
              "payment.get": "done",
              "fee_report.create": "done",
              "fee_report.get": "done",
            }
          },
          "testing": {
            "description": "Some testing needs to be done.",
            "children": {
              "all methods": "Run through the full process from creating an account to creating a fee report.",
              "add scheduling for objects that need it": {
                "description": "Add the scheduling I had before",
                "children": {
                  "payment": "",
                  "subscription": "",
                  "fee reports": "",
                  "fee report wrappers": ""
                }
              }
            }
          }
        }
      },
      "20181201": {
        "description": "Ready for deployment. I should make an expanded version of Jormungand for superadmins.",
        "children": {
          "display": "Might consider displaying the whole returned schema or larger parts of it rather than parsing it."
        }
      }
    }
  }
}
